2021/10/26,15:55,21.5
2021/10/26,15:56,20.3
2021/10/26,15:57,18.8
2021/10/26,15:58,17.4
2021/10/26,15:59,15.8
2021/10/26,16:00,14.1
2021/10/26,16:01,12.7
2021/10/26,16:02,11
2021/10/26,16:03,9.6
2021/10/26,16:04,8.1
2021/10/26,16:05,6.6
2021/10/26,16:06,5.1
2021/10/26,16:07,3.4
2021/10/26,16:08,2.1
2021/10/26,16:09,0.7
2021/10/26,16:10,-0.9
2021/10/26,16:11,-2.1
2021/10/26,16:12,-3.4
2021/10/26,16:13,-4.4
2021/10/26,16:14,-5.2
2021/10/26,16:15,-6.1
2021/10/26,16:16,-6.9
2021/10/26,16:17,-7.4
2021/10/26,16:18,-7.9
2021/10/26,16:19,-8
2021/10/26,16:20,-8.1
2021/10/26,16:21,-8.1
2021/10/26,16:22,-8
2021/10/26,16:23,-8
2021/10/26,16:24,-8
2021/10/26,16:25,-8
2021/10/26,16:26,-8
2021/10/26,16:27,-8
2021/10/26,16:28,-8
2021/10/26,16:29,-8
2021/10/26,16:30,-8
2021/10/26,16:31,-8
2021/10/26,16:32,-8
2021/10/26,16:33,-8
2021/10/26,16:34,-8
2021/10/26,16:35,-8
2021/10/26,16:36,-8
2021/10/26,16:37,-8
2021/10/26,16:38,-8
2021/10/26,16:39,-8
2021/10/26,16:40,-8
2021/10/26,16:41,-8
2021/10/26,16:42,-8
2021/10/26,16:43,-8
2021/10/26,16:44,-8
2021/10/26,16:45,-8
2021/10/26,16:46,-8
2021/10/26,16:47,-8
2021/10/26,16:48,-8
2021/10/26,16:49,-8
2021/10/26,16:50,-8
2021/10/26,16:51,-8
2021/10/26,16:52,-8
2021/10/26,16:53,-8
2021/10/26,16:54,-8
2021/10/26,16:55,-8
2021/10/26,16:56,-8
2021/10/26,16:57,-8
2021/10/26,16:58,-8
2021/10/26,16:59,-8
2021/10/26,17:00,-8
2021/10/26,17:01,-8
2021/10/26,17:02,-8
2021/10/26,17:03,-8
2021/10/26,17:04,-8
2021/10/26,17:05,-8
2021/10/26,17:06,-8
2021/10/26,17:07,-8
2021/10/26,17:08,-8
2021/10/26,17:09,-8
2021/10/26,17:10,-8
2021/10/26,17:11,-8
2021/10/26,17:12,-8
2021/10/26,17:13,-8
2021/10/26,17:14,-8
2021/10/26,17:15,-8
2021/10/26,17:16,-8
2021/10/26,17:17,-8
2021/10/26,17:18,-8
2021/10/26,17:19,-8
2021/10/26,17:20,-8
2021/10/26,17:21,-8
2021/10/26,17:22,-8
2021/10/26,17:23,-8
2021/10/26,17:24,-8
2021/10/26,17:25,-8
2021/10/26,17:26,-8
2021/10/26,17:27,-8
2021/10/26,17:28,-8
2021/10/26,17:29,-8
2021/10/26,17:30,-8
2021/10/26,17:31,-8
2021/10/26,17:32,-8
2021/10/26,17:33,-8
2021/10/26,17:34,-8
2021/10/26,17:35,-8
2021/10/26,17:36,-8
2021/10/26,17:37,-8
2021/10/26,17:38,-8
2021/10/26,17:39,-8
2021/10/26,17:40,-8
2021/10/26,17:41,-8
2021/10/26,17:42,-8
2021/10/26,17:43,-8
2021/10/26,17:44,-8
2021/10/26,17:45,-8
2021/10/26,17:46,-8
2021/10/26,17:47,-8
2021/10/26,17:48,-8
2021/10/26,17:49,-8
2021/10/26,17:50,-8
2021/10/26,17:51,-8
2021/10/26,17:52,-8
2021/10/26,17:53,-8
2021/10/26,17:54,-8
2021/10/26,17:55,-8
2021/10/26,17:56,-8
2021/10/26,17:57,-8
2021/10/26,17:58,-8
2021/10/26,17:59,-8
2021/10/26,18:00,-8
2021/10/26,18:01,-8
2021/10/26,18:02,-8
2021/10/26,18:03,-8
2021/10/26,18:04,-8
2021/10/26,18:05,-8
2021/10/26,18:06,-8
2021/10/26,18:07,-8
2021/10/26,18:08,-8
2021/10/26,18:09,-8
2021/10/26,18:10,-8
2021/10/26,18:11,-8
2021/10/26,18:12,-8
2021/10/26,18:13,-8
2021/10/26,18:14,-8
2021/10/26,18:15,-8
2021/10/26,18:16,-8
2021/10/26,18:17,-8
2021/10/26,18:18,-8
2021/10/26,18:19,-8
2021/10/26,18:20,-8
2021/10/26,18:21,-8
2021/10/26,18:22,-8
2021/10/26,18:23,-8
2021/10/26,18:24,-8
2021/10/26,18:25,-8
2021/10/26,18:26,-8
2021/10/26,18:27,-8
2021/10/26,18:28,-8
2021/10/26,18:29,-8
2021/10/26,18:30,-8
2021/10/26,18:31,-8
2021/10/26,18:32,-8
2021/10/26,18:33,-8
2021/10/26,18:34,-8
2021/10/26,18:35,-8
2021/10/26,18:36,-8
2021/10/26,18:37,-8
2021/10/26,18:38,-8
2021/10/26,18:39,-8
2021/10/26,18:40,-8
2021/10/26,18:41,-8
2021/10/26,18:42,-8
2021/10/26,18:43,-8
2021/10/26,18:44,-8
2021/10/26,18:45,-8
2021/10/26,18:46,-8
2021/10/26,18:47,-8
2021/10/26,18:48,-8
2021/10/26,18:49,-8
2021/10/26,18:50,-8
2021/10/26,18:51,-8
2021/10/26,18:52,-8
2021/10/26,18:53,-8
2021/10/26,18:54,-8
2021/10/26,18:55,-8
2021/10/26,18:56,-8
2021/10/26,18:57,-8
2021/10/26,18:58,-8
2021/10/26,18:59,-8
2021/10/26,19:00,-8
2021/10/26,19:01,-8
2021/10/26,19:02,-8
2021/10/26,19:03,-8
2021/10/26,19:04,-8
2021/10/26,19:05,-8
2021/10/26,19:06,-8
2021/10/26,19:07,-8
2021/10/26,19:08,-8
2021/10/26,19:09,-8
2021/10/26,19:10,-8
2021/10/26,19:11,-8
2021/10/26,19:12,-8
2021/10/26,19:13,-8
2021/10/26,19:14,-8
2021/10/26,19:15,-8
2021/10/26,19:16,-8
2021/10/26,19:17,-8
2021/10/26,19:18,-8
2021/10/26,19:19,-8
2021/10/26,19:20,-8
2021/10/26,19:21,-8
2021/10/26,19:22,-8
2021/10/26,19:23,-8
2021/10/26,19:24,-8
2021/10/26,19:25,-8
2021/10/26,19:26,-8
2021/10/26,19:27,-8
2021/10/26,19:28,-8
2021/10/26,19:29,-8
2021/10/26,19:30,-8
2021/10/26,19:31,-8
2021/10/26,19:32,-8
2021/10/26,19:33,-8
2021/10/26,19:34,-8
2021/10/26,19:35,-8
2021/10/26,19:36,-8
2021/10/26,19:37,-8
2021/10/26,19:38,-8
2021/10/26,19:39,-8
2021/10/26,19:40,-8
2021/10/26,19:41,-8
2021/10/26,19:42,-8
2021/10/26,19:43,-8
2021/10/26,19:44,-8
2021/10/26,19:45,-8
2021/10/26,19:46,-8
2021/10/26,19:47,-8
2021/10/26,19:48,-8
2021/10/26,19:49,-8
2021/10/26,19:50,-8
2021/10/26,19:51,-8
2021/10/26,19:52,-8
2021/10/26,19:53,-8
2021/10/26,19:54,-8
2021/10/26,19:55,-8
2021/10/26,19:56,-8
2021/10/26,19:57,-8
2021/10/26,19:58,-8
2021/10/26,19:59,-8
2021/10/26,20:00,-8
2021/10/26,20:01,-8
2021/10/26,20:02,-8
2021/10/26,20:03,-8
2021/10/26,20:04,-8
2021/10/26,20:05,-8
2021/10/26,20:06,-8
2021/10/26,20:07,-8
2021/10/26,20:08,-8
2021/10/26,20:09,-8
2021/10/26,20:10,-8
2021/10/26,20:11,-8
2021/10/26,20:12,-8
2021/10/26,20:13,-8
2021/10/26,20:14,-8
2021/10/26,20:15,-8
2021/10/26,20:16,-8
2021/10/26,20:17,-8
2021/10/26,20:18,-8
2021/10/26,20:19,-8
2021/10/26,20:20,-8
2021/10/26,20:21,-8
2021/10/26,20:22,-8
2021/10/26,20:23,-8
2021/10/26,20:24,-8
2021/10/26,20:25,-8
2021/10/26,20:26,-8
2021/10/26,20:27,-8
2021/10/26,20:28,-8
2021/10/26,20:29,-8
2021/10/26,20:30,-8
2021/10/26,20:31,-8
2021/10/26,20:32,-8
2021/10/26,20:33,-8
2021/10/26,20:34,-8
2021/10/26,20:35,-8
2021/10/26,20:36,-8
2021/10/26,20:37,-8
2021/10/26,20:38,-8
2021/10/26,20:39,-8
2021/10/26,20:40,-8
2021/10/26,20:41,-8
2021/10/26,20:42,-8
2021/10/26,20:43,-8
2021/10/26,20:44,-8
2021/10/26,20:45,-8
2021/10/26,20:46,-8
2021/10/26,20:47,-8
2021/10/26,20:48,-8
2021/10/26,20:49,-8
2021/10/26,20:50,-8
2021/10/26,20:51,-8
2021/10/26,20:52,-8
2021/10/26,20:53,-8
2021/10/26,20:54,-8
2021/10/26,20:55,-8
2021/10/26,20:56,-8
2021/10/26,20:57,-8
2021/10/26,20:58,-8
2021/10/26,20:59,-8
2021/10/26,21:00,-8
2021/10/26,21:01,-8
2021/10/26,21:02,-8
2021/10/26,21:03,-8
2021/10/26,21:04,-8
2021/10/26,21:05,-8
2021/10/26,21:06,-8
2021/10/26,21:07,-8
2021/10/26,21:08,-8
2021/10/26,21:09,-8
2021/10/26,21:10,-8
2021/10/26,21:11,-8
2021/10/26,21:12,-8
2021/10/26,21:13,-8
2021/10/26,21:14,-8
2021/10/26,21:15,-8
2021/10/26,21:16,-8
2021/10/26,21:17,-8
2021/10/26,21:18,-8
2021/10/26,21:19,-8
2021/10/26,21:20,-8
2021/10/26,21:21,-8
2021/10/26,21:22,-8
2021/10/26,21:23,-8
2021/10/26,21:24,-8
2021/10/26,21:25,-8
2021/10/26,21:26,-8
2021/10/26,21:27,-8
2021/10/26,21:28,-8
2021/10/26,21:29,-8
2021/10/26,21:30,-8
2021/10/26,21:31,-8
2021/10/26,21:32,-8
2021/10/26,21:33,-8
2021/10/26,21:34,-8
2021/10/26,21:35,-8
2021/10/26,21:36,-8
2021/10/26,21:37,-8
2021/10/26,21:38,-8
2021/10/26,21:39,-8
2021/10/26,21:40,-8
2021/10/26,21:41,-8
2021/10/26,21:42,-8
2021/10/26,21:43,-8
2021/10/26,21:44,-8
2021/10/26,21:45,-8
2021/10/26,21:46,-8
2021/10/26,21:47,-8
2021/10/26,21:48,-8
2021/10/26,21:49,-8
2021/10/26,21:50,-8
2021/10/26,21:51,-8
2021/10/26,21:52,-8
2021/10/26,21:53,-8
2021/10/26,21:54,-8
2021/10/26,21:55,-8
2021/10/26,21:56,-8
2021/10/26,21:57,-8
2021/10/26,21:58,-8
2021/10/26,21:59,-8
2021/10/26,22:00,-8
2021/10/26,22:01,-8
2021/10/26,22:02,-8
2021/10/26,22:03,-8
2021/10/26,22:04,-8
2021/10/26,22:05,-8
2021/10/26,22:06,-8
2021/10/26,22:07,-8
2021/10/26,22:08,-8
2021/10/26,22:09,-8
2021/10/26,22:10,-8
2021/10/26,22:11,-8
2021/10/26,22:12,-8
2021/10/26,22:13,-8
2021/10/26,22:14,-8
2021/10/26,22:15,-8
2021/10/26,22:16,-8
2021/10/26,22:17,-8
2021/10/26,22:18,-8
2021/10/26,22:19,-8
2021/10/26,22:20,-8
2021/10/26,22:21,-8
2021/10/26,22:22,-8
2021/10/26,22:23,-8
2021/10/26,22:24,-8
2021/10/26,22:25,-8
2021/10/26,22:26,-8
2021/10/26,22:27,-8
2021/10/26,22:28,-8
2021/10/26,22:29,-8
2021/10/26,22:30,-8
2021/10/26,22:31,-8
2021/10/26,22:32,-8
2021/10/26,22:33,-8
2021/10/26,22:34,-8
2021/10/26,22:35,-8
2021/10/26,22:36,-8
2021/10/26,22:37,-8
2021/10/26,22:38,-8
2021/10/26,22:39,-8
2021/10/26,22:40,-8
2021/10/26,22:41,-8
2021/10/26,22:42,-8
2021/10/26,22:43,-8
2021/10/26,22:44,-8
2021/10/26,22:45,-8
2021/10/26,22:46,-8
2021/10/26,22:47,-8
2021/10/26,22:48,-8
2021/10/26,22:49,-8
2021/10/26,22:50,-8
2021/10/26,22:51,-8
2021/10/26,22:52,-8
2021/10/26,22:53,-8
2021/10/26,22:54,-8
2021/10/26,22:55,-8
2021/10/26,22:56,-8
2021/10/26,22:57,-8
2021/10/26,22:58,-8
2021/10/26,22:59,-8
2021/10/26,23:00,-8
2021/10/26,23:01,-8
2021/10/26,23:02,-8
2021/10/26,23:03,-8
2021/10/26,23:04,-8
2021/10/26,23:05,-8
2021/10/26,23:06,-8
2021/10/26,23:07,-8
2021/10/26,23:08,-8
2021/10/26,23:09,-8
2021/10/26,23:10,-8
2021/10/26,23:11,-8
2021/10/26,23:12,-8
2021/10/26,23:13,-8
2021/10/26,23:14,-8
2021/10/26,23:15,-8
2021/10/26,23:16,-8
2021/10/26,23:17,-8
2021/10/26,23:18,-8
2021/10/26,23:19,-8
2021/10/26,23:20,-8
2021/10/26,23:21,-8
2021/10/26,23:22,-8
2021/10/26,23:23,-6.6
2021/10/26,23:24,11.6
2021/10/26,23:25,-3.3
2021/10/26,23:26,12.8
2021/10/26,23:27,13
2021/10/26,23:28,-0.9
2021/10/26,23:29,-8
2021/10/26,23:30,-8
2021/10/26,23:31,-8
2021/10/26,23:32,-8
2021/10/26,23:33,-8
2021/10/26,23:34,-8
2021/10/26,23:35,-8
2021/10/26,23:36,-8
2021/10/26,23:37,-8
2021/10/26,23:38,-8
2021/10/26,23:39,-8
2021/10/26,23:40,-8
2021/10/26,23:41,-8
2021/10/26,23:42,-8
2021/10/26,23:43,-8
2021/10/26,23:44,-8
2021/10/26,23:45,-8
2021/10/26,23:46,-8
2021/10/26,23:47,-8
2021/10/26,23:48,-8
2021/10/26,23:49,-8
2021/10/26,23:50,-8
2021/10/26,23:51,-8
2021/10/26,23:52,-8
2021/10/26,23:53,-8
2021/10/26,23:54,-8
2021/10/26,23:55,-8
2021/10/26,23:56,-8
2021/10/26,23:57,-8
2021/10/26,23:58,-8
2021/10/26,23:59,-8
2021/10/27,0:00,-8
2021/10/27,0:01,-8
2021/10/27,0:02,-8
2021/10/27,0:03,-8
2021/10/27,0:04,-8
2021/10/27,0:05,-8
2021/10/27,0:06,-8
2021/10/27,0:07,-8
2021/10/27,0:08,-8
2021/10/27,0:09,-8
2021/10/27,0:10,-8
2021/10/27,0:11,-8
2021/10/27,0:12,-8
2021/10/27,0:13,-8
2021/10/27,0:14,-8
2021/10/27,0:15,-8
2021/10/27,0:16,-8
2021/10/27,0:17,-8
2021/10/27,0:18,-8
2021/10/27,0:19,-8
2021/10/27,0:20,-8
2021/10/27,0:21,-8
2021/10/27,0:22,-8
2021/10/27,0:23,-8
2021/10/27,0:24,-8
2021/10/27,0:25,-8
2021/10/27,0:26,-8
2021/10/27,0:27,-8
2021/10/27,0:28,-8
2021/10/27,0:29,-8
2021/10/27,0:30,-8
2021/10/27,0:31,-8
2021/10/27,0:32,-8
2021/10/27,0:33,-8
2021/10/27,0:34,-8
2021/10/27,0:35,-8
2021/10/27,0:36,-8
2021/10/27,0:37,-8
2021/10/27,0:38,-8
2021/10/27,0:39,-8
2021/10/27,0:40,-8
2021/10/27,0:41,-8
2021/10/27,0:42,-8
2021/10/27,0:43,-8
2021/10/27,0:44,-8
2021/10/27,0:45,-8
2021/10/27,0:46,-8
2021/10/27,0:47,-8
2021/10/27,0:48,-8
2021/10/27,0:49,-8
2021/10/27,0:50,-8
2021/10/27,0:51,-8
2021/10/27,0:52,-8
2021/10/27,0:53,-8
2021/10/27,0:54,-8
2021/10/27,0:55,-8
2021/10/27,0:56,-8
2021/10/27,0:57,-8
2021/10/27,0:58,-8
2021/10/27,0:59,-8
2021/10/27,1:00,-8
2021/10/27,1:01,-8
2021/10/27,1:02,-8
2021/10/27,1:03,-8
2021/10/27,1:04,-8
2021/10/27,1:05,-8
2021/10/27,1:06,-8
2021/10/27,1:07,-8
2021/10/27,1:08,-8
2021/10/27,1:09,-8
2021/10/27,1:10,-8
2021/10/27,1:11,-8
2021/10/27,1:12,-8
2021/10/27,1:13,-8
2021/10/27,1:14,-8
2021/10/27,1:15,-8
2021/10/27,1:16,-8
2021/10/27,1:17,-8
2021/10/27,1:18,-8
2021/10/27,1:19,-8
2021/10/27,1:20,-8
2021/10/27,1:21,-8
2021/10/27,1:22,-8
2021/10/27,1:23,-8
2021/10/27,1:24,-8
2021/10/27,1:25,-8
2021/10/27,1:26,-8
2021/10/27,1:27,-8
2021/10/27,1:28,-8
2021/10/27,1:29,-8
2021/10/27,1:30,-8
2021/10/27,1:31,-8
2021/10/27,1:32,-8
2021/10/27,1:33,-8
2021/10/27,1:34,-8
2021/10/27,1:35,-8
2021/10/27,1:36,-8
2021/10/27,1:37,-8
2021/10/27,1:38,-8
2021/10/27,1:39,-8
2021/10/27,1:40,-8
2021/10/27,1:41,-8
2021/10/27,1:42,-8
2021/10/27,1:43,-8
2021/10/27,1:44,-8
2021/10/27,1:45,-8
2021/10/27,1:46,-8
2021/10/27,1:47,-8
2021/10/27,1:48,-8
2021/10/27,1:49,-8
2021/10/27,1:50,-8
2021/10/27,1:51,-8
2021/10/27,1:52,-8
2021/10/27,1:53,-8
2021/10/27,1:54,-8
2021/10/27,1:55,-8
2021/10/27,1:56,-8
2021/10/27,1:57,-8
2021/10/27,1:58,-8
2021/10/27,1:59,-8
2021/10/27,2:00,-8
2021/10/27,2:01,-8
2021/10/27,2:02,-8
2021/10/27,2:03,-8
2021/10/27,2:04,-8
2021/10/27,2:05,-8
2021/10/27,2:06,-8
2021/10/27,2:07,-8
2021/10/27,2:08,-8
2021/10/27,2:09,-8
2021/10/27,2:10,-8
2021/10/27,2:11,-8
2021/10/27,2:12,-8
2021/10/27,2:13,-8
2021/10/27,2:14,-8
2021/10/27,2:15,-8
2021/10/27,2:16,-8
2021/10/27,2:17,-8
2021/10/27,2:18,-8
2021/10/27,2:19,-8
2021/10/27,2:20,-8
2021/10/27,2:21,-8
2021/10/27,2:22,-8
2021/10/27,2:23,-8
2021/10/27,2:24,-8
2021/10/27,2:25,-8
2021/10/27,2:26,-8
2021/10/27,2:27,-8
2021/10/27,2:28,-8
2021/10/27,2:29,-8
2021/10/27,2:30,-8
2021/10/27,2:31,-8
2021/10/27,2:32,-8
2021/10/27,2:33,-8
2021/10/27,2:34,-8
2021/10/27,2:35,-8
2021/10/27,2:36,-8
2021/10/27,2:37,-8
2021/10/27,2:38,-8
2021/10/27,2:39,-8
2021/10/27,2:40,-8
2021/10/27,2:41,-8
2021/10/27,2:42,-8
2021/10/27,2:43,-8
2021/10/27,2:44,-8
2021/10/27,2:45,-8
2021/10/27,2:46,-8
2021/10/27,2:47,-8
2021/10/27,2:48,-8
2021/10/27,2:49,-8
2021/10/27,2:50,-8
2021/10/27,2:51,-8
2021/10/27,2:52,-8
2021/10/27,2:53,-8
2021/10/27,2:54,-8
2021/10/27,2:55,-8
2021/10/27,2:56,-8
2021/10/27,2:57,-8
2021/10/27,2:58,-8
2021/10/27,2:59,-8
2021/10/27,3:00,-8
2021/10/27,3:01,-8
2021/10/27,3:02,-8
2021/10/27,3:03,-8
2021/10/27,3:04,-8
2021/10/27,3:05,-8
2021/10/27,3:06,-8
2021/10/27,3:07,-8
2021/10/27,3:08,-8
2021/10/27,3:09,-8
2021/10/27,3:10,-8
2021/10/27,3:11,-8
2021/10/27,3:12,-8
2021/10/27,3:13,-8
2021/10/27,3:14,-8
2021/10/27,3:15,-8
2021/10/27,3:16,-8
2021/10/27,3:17,-8
2021/10/27,3:18,-8
2021/10/27,3:19,-8
2021/10/27,3:20,-8
2021/10/27,3:21,-8
2021/10/27,3:22,-8
2021/10/27,3:23,-8
2021/10/27,3:24,-8
2021/10/27,3:25,-8
2021/10/27,3:26,-8
2021/10/27,3:27,-8
2021/10/27,3:28,-8
2021/10/27,3:29,-8
2021/10/27,3:30,-8
2021/10/27,3:31,-8
2021/10/27,3:32,-8
2021/10/27,3:33,-8
2021/10/27,3:34,-8
2021/10/27,3:35,-8
2021/10/27,3:36,-8
2021/10/27,3:37,-8
2021/10/27,3:38,-8
2021/10/27,3:39,-8
2021/10/27,3:40,-8
2021/10/27,3:41,-8
2021/10/27,3:42,-8
2021/10/27,3:43,-8
2021/10/27,3:44,-8
2021/10/27,3:45,-8
2021/10/27,3:46,-8
2021/10/27,3:47,-8
2021/10/27,3:48,-8
2021/10/27,3:49,-8
2021/10/27,3:50,-8
2021/10/27,3:51,-8
2021/10/27,3:52,-8
2021/10/27,3:53,-8
2021/10/27,3:54,-8
2021/10/27,3:55,-8
2021/10/27,3:56,-8
2021/10/27,3:57,-8
2021/10/27,3:58,-8
2021/10/27,3:59,-8
2021/10/27,4:00,-8
2021/10/27,4:01,-8
2021/10/27,4:02,-8
2021/10/27,4:03,-8
2021/10/27,4:04,-8
2021/10/27,4:05,-8
2021/10/27,4:06,-8
2021/10/27,4:07,-8
2021/10/27,4:08,-8
2021/10/27,4:09,-8
2021/10/27,4:10,-8
2021/10/27,4:11,-8
2021/10/27,4:12,-8
2021/10/27,4:13,-8
2021/10/27,4:14,-8
2021/10/27,4:15,-8
2021/10/27,4:16,-8
2021/10/27,4:17,-8
2021/10/27,4:18,-8
2021/10/27,4:19,-8
2021/10/27,4:20,-8
2021/10/27,4:21,-8
2021/10/27,4:22,-8
2021/10/27,4:23,-8
2021/10/27,4:24,-8
2021/10/27,4:25,-8
2021/10/27,4:26,-8
2021/10/27,4:27,-8
2021/10/27,4:28,-8
2021/10/27,4:29,-8
2021/10/27,4:30,-8
2021/10/27,4:31,-8
2021/10/27,4:32,-8
2021/10/27,4:33,-8
2021/10/27,4:34,-8
2021/10/27,4:35,-8
2021/10/27,4:36,-8
2021/10/27,4:37,-8
2021/10/27,4:38,-8
2021/10/27,4:39,-8
2021/10/27,4:40,-8
2021/10/27,4:41,-8
2021/10/27,4:42,-8
2021/10/27,4:43,-8
2021/10/27,4:44,-8
2021/10/27,4:45,-8
2021/10/27,4:46,-8
2021/10/27,4:47,-8
2021/10/27,4:48,-8
2021/10/27,4:49,-8
2021/10/27,4:50,-8
2021/10/27,4:51,-8
2021/10/27,4:52,-8
2021/10/27,4:53,-8
2021/10/27,4:54,-8
2021/10/27,4:55,-8
2021/10/27,4:56,-8
2021/10/27,4:57,-8
2021/10/27,4:58,-8
2021/10/27,4:59,-8
2021/10/27,5:00,-8
2021/10/27,5:01,-8
2021/10/27,5:02,-8
2021/10/27,5:03,-8
2021/10/27,5:04,-8
2021/10/27,5:05,-8
2021/10/27,5:06,-8
2021/10/27,5:07,-8
2021/10/27,5:08,-8
2021/10/27,5:09,-8
2021/10/27,5:10,-8
2021/10/27,5:11,-8
2021/10/27,5:12,-8
2021/10/27,5:13,-8
2021/10/27,5:14,-8
2021/10/27,5:15,-8
2021/10/27,5:16,-8
2021/10/27,5:17,-8
2021/10/27,5:18,-8
2021/10/27,5:19,-8
2021/10/27,5:20,-8
2021/10/27,5:21,-8
2021/10/27,5:22,-8
2021/10/27,5:23,-8
2021/10/27,5:24,-8
2021/10/27,5:25,-8
2021/10/27,5:26,-8
2021/10/27,5:27,-8
2021/10/27,5:28,-8
2021/10/27,5:29,-8
2021/10/27,5:30,-8
2021/10/27,5:31,-8
2021/10/27,5:32,-8
2021/10/27,5:33,-8
2021/10/27,5:34,-8
2021/10/27,5:35,-8
2021/10/27,5:36,-8
2021/10/27,5:37,-8
2021/10/27,5:38,-8
2021/10/27,5:39,-8
2021/10/27,5:40,-8
2021/10/27,5:41,-8
2021/10/27,5:42,-8
2021/10/27,5:43,-8
2021/10/27,5:44,-8
2021/10/27,5:45,-8
2021/10/27,5:46,-8
2021/10/27,5:47,-8
2021/10/27,5:48,-8
2021/10/27,5:49,-8
2021/10/27,5:50,-8
2021/10/27,5:51,-8
2021/10/27,5:52,-8
2021/10/27,5:53,-8
2021/10/27,5:54,-8
2021/10/27,5:55,-8
2021/10/27,5:56,-8
2021/10/27,5:57,-8
2021/10/27,5:58,-8
2021/10/27,5:59,-8
2021/10/27,6:00,-8
2021/10/27,6:01,-8
2021/10/27,6:02,-8
2021/10/27,6:03,-8
2021/10/27,6:04,-8
2021/10/27,6:05,-8
2021/10/27,6:06,-8
2021/10/27,6:07,-8
2021/10/27,6:08,-8
2021/10/27,6:09,-8
2021/10/27,6:10,-8
2021/10/27,6:11,-8
2021/10/27,6:12,-8
2021/10/27,6:13,-8
2021/10/27,6:14,-8
2021/10/27,6:15,-8
2021/10/27,6:16,-8
2021/10/27,6:17,-8
2021/10/27,6:18,-8
2021/10/27,6:19,-8
2021/10/27,6:20,-8
2021/10/27,6:21,-8
2021/10/27,6:22,-8
2021/10/27,6:23,-8
2021/10/27,6:24,-8
2021/10/27,6:25,-8
2021/10/27,6:26,-8
2021/10/27,6:27,-8
2021/10/27,6:28,-8
2021/10/27,6:29,-8
2021/10/27,6:30,-8
2021/10/27,6:31,-8
2021/10/27,6:32,-8
2021/10/27,6:33,-8
2021/10/27,6:34,-8
2021/10/27,6:35,-8
2021/10/27,6:36,-8
2021/10/27,6:37,-8
2021/10/27,6:38,-8
2021/10/27,6:39,-8
2021/10/27,6:40,-8
2021/10/27,6:41,-8
2021/10/27,6:42,-8
2021/10/27,6:43,-8
2021/10/27,6:44,-8
2021/10/27,6:45,-8
2021/10/27,6:46,-8
2021/10/27,6:47,-8
2021/10/27,6:48,-8
2021/10/27,6:49,-8
2021/10/27,6:50,-8
2021/10/27,6:51,-8
2021/10/27,6:52,-8
2021/10/27,6:53,-8
2021/10/27,6:54,-8
2021/10/27,6:55,-8
2021/10/27,6:56,-8
2021/10/27,6:57,-8
2021/10/27,6:58,-8
2021/10/27,6:59,-8
2021/10/27,7:00,-8
2021/10/27,7:01,-8
2021/10/27,7:02,-8
2021/10/27,7:03,-8
2021/10/27,7:04,-8
2021/10/27,7:05,-8
2021/10/27,7:06,-8
2021/10/27,7:07,-8
2021/10/27,7:08,-8
2021/10/27,7:09,-8
2021/10/27,7:10,-8
2021/10/27,7:11,-8
2021/10/27,7:12,-8
2021/10/27,7:13,-8
2021/10/27,7:14,-8
2021/10/27,7:15,-8
2021/10/27,7:16,-8
2021/10/27,7:17,-8
2021/10/27,7:18,-8
2021/10/27,7:19,-8
2021/10/27,7:20,-8
2021/10/27,7:21,-8
2021/10/27,7:22,-8
2021/10/27,7:23,-8
2021/10/27,7:24,-8
2021/10/27,7:25,-8
2021/10/27,7:26,-8
2021/10/27,7:27,-8
2021/10/27,7:28,-8
2021/10/27,7:29,-8
2021/10/27,7:30,-8
2021/10/27,7:31,-8
2021/10/27,7:32,-8
2021/10/27,7:33,-8
2021/10/27,7:34,-8
2021/10/27,7:35,-8
2021/10/27,7:36,-8
2021/10/27,7:37,-8
2021/10/27,7:38,-8
2021/10/27,7:39,-8
2021/10/27,7:40,-8
2021/10/27,7:41,-8
2021/10/27,7:42,-8
2021/10/27,7:43,-8
2021/10/27,7:44,-8
2021/10/27,7:45,-8
2021/10/27,7:46,-8
2021/10/27,7:47,-8
2021/10/27,7:48,-8
2021/10/27,7:49,-8
2021/10/27,7:50,-8
2021/10/27,7:51,-8
2021/10/27,7:52,-8
2021/10/27,7:53,-8
2021/10/27,7:54,-8
2021/10/27,7:55,-8
2021/10/27,7:56,-8
2021/10/27,7:57,-8
2021/10/27,7:58,-8
2021/10/27,7:59,-8
2021/10/27,8:00,-8
2021/10/27,8:01,-8
2021/10/27,8:02,-8
2021/10/27,8:03,-8
2021/10/27,8:04,-8
2021/10/27,8:05,-8
2021/10/27,8:06,-8
2021/10/27,8:07,-8
2021/10/27,8:08,-8
2021/10/27,8:09,-8
2021/10/27,8:10,-8
2021/10/27,8:11,-8
2021/10/27,8:12,-8
2021/10/27,8:13,-8
2021/10/27,8:14,-8
2021/10/27,8:15,-8
2021/10/27,8:16,-8
2021/10/27,8:17,-8
2021/10/27,8:18,-8
2021/10/27,8:19,-8
2021/10/27,8:20,-8
2021/10/27,8:21,-8
2021/10/27,8:22,-8
2021/10/27,8:23,-8
2021/10/27,8:24,-8
2021/10/27,8:25,-8
2021/10/27,8:26,-8
2021/10/27,8:27,-8
2021/10/27,8:28,-8
2021/10/27,8:29,-8
2021/10/27,8:30,-8
2021/10/27,8:31,-8
2021/10/27,8:32,-8
2021/10/27,8:33,-8
2021/10/27,8:34,-8
2021/10/27,8:35,-8
2021/10/27,8:36,-8
2021/10/27,8:37,-8
2021/10/27,8:38,-8
2021/10/27,8:39,-8
2021/10/27,8:40,-8
2021/10/27,8:41,-8
2021/10/27,8:42,-8
2021/10/27,8:43,-8
2021/10/27,8:44,-8
2021/10/27,8:45,-8
2021/10/27,8:46,-8
2021/10/27,8:47,-8
2021/10/27,8:48,-8
2021/10/27,8:49,-8
2021/10/27,8:50,-8
2021/10/27,8:51,-8
2021/10/27,8:52,-8
2021/10/27,8:53,-8
2021/10/27,8:54,-8
2021/10/27,8:55,-8
2021/10/27,8:56,-8
2021/10/27,8:57,-8
2021/10/27,8:58,-8
2021/10/27,8:59,-8
2021/10/27,9:00,-8
2021/10/27,9:01,-8
2021/10/27,9:02,-8
2021/10/27,9:03,-8
2021/10/27,9:04,-8
2021/10/27,9:05,-8
2021/10/27,9:06,-8
2021/10/27,9:07,-8
2021/10/27,9:08,-8
2021/10/27,9:09,-8
2021/10/27,9:10,-8
2021/10/27,9:11,-8
2021/10/27,9:12,-8
2021/10/27,9:13,-8
2021/10/27,9:14,-8
2021/10/27,9:15,-8
2021/10/27,9:16,-8
2021/10/27,9:17,-8
2021/10/27,9:18,-8
2021/10/27,9:19,-8
2021/10/27,9:20,-8
2021/10/27,9:21,-8
2021/10/27,9:22,-8
2021/10/27,9:23,-8
2021/10/27,9:24,-8
2021/10/27,9:25,-8
2021/10/27,9:26,-8
2021/10/27,9:27,-8
2021/10/27,9:28,-8
2021/10/27,9:29,-8
2021/10/27,9:30,-8
2021/10/27,9:31,-8
2021/10/27,9:32,-8
2021/10/27,9:33,-8
2021/10/27,9:34,-8
2021/10/27,9:35,-8
2021/10/27,9:36,-8
2021/10/27,9:37,-8
2021/10/27,9:38,-8
2021/10/27,9:39,-8
2021/10/27,9:40,-8
2021/10/27,9:41,-8
2021/10/27,9:42,-8
2021/10/27,9:43,-8
2021/10/27,9:44,-8
2021/10/27,9:45,-8
2021/10/27,9:46,-8
2021/10/27,9:47,-8
2021/10/27,9:48,-8
2021/10/27,9:49,-8
2021/10/27,9:50,-8
2021/10/27,9:51,-8
2021/10/27,9:52,-8
2021/10/27,9:53,-8
2021/10/27,9:54,-8
2021/10/27,9:55,-8
2021/10/27,9:56,-8
2021/10/27,9:57,-8
2021/10/27,9:58,-8
2021/10/27,9:59,-8
2021/10/27,10:00,-8
2021/10/27,10:01,-8
2021/10/27,10:02,-8
2021/10/27,10:03,-8
2021/10/27,10:04,-8
2021/10/27,10:05,-8
2021/10/27,10:06,-8
2021/10/27,10:07,-8
2021/10/27,10:08,-8
2021/10/27,10:09,-8
2021/10/27,10:10,-8
2021/10/27,10:11,-8
2021/10/27,10:12,-8
2021/10/27,10:13,-8
2021/10/27,10:14,-8
2021/10/27,10:15,-8
2021/10/27,10:16,-8
2021/10/27,10:17,-8
2021/10/27,10:18,-8
2021/10/27,10:19,-8
2021/10/27,10:20,-8
2021/10/27,10:21,-8
2021/10/27,10:22,-8
2021/10/27,10:23,-8
2021/10/27,10:24,-8
2021/10/27,10:25,-8
2021/10/27,10:26,-8
2021/10/27,10:27,-8
2021/10/27,10:28,-8
2021/10/27,10:29,-8
2021/10/27,10:30,-8
2021/10/27,10:31,-8
2021/10/27,10:32,-8
2021/10/27,10:33,-8
2021/10/27,10:34,-8
2021/10/27,10:35,-8
2021/10/27,10:36,-8
2021/10/27,10:37,-8
2021/10/27,10:38,-8
2021/10/27,10:39,-8
2021/10/27,10:40,-8
2021/10/27,10:41,-8
2021/10/27,10:42,-8
2021/10/27,10:43,-8
2021/10/27,10:44,-8
2021/10/27,10:45,-8
2021/10/27,10:46,-8
2021/10/27,10:47,-8
2021/10/27,10:48,-8
2021/10/27,10:49,-8
2021/10/27,10:50,-8
2021/10/27,10:51,-8
2021/10/27,10:52,-8
2021/10/27,10:53,-8
2021/10/27,10:54,-8
2021/10/27,10:55,-8
2021/10/27,10:56,-8
2021/10/27,10:57,-8
2021/10/27,10:58,-8
2021/10/27,10:59,-8
2021/10/27,11:00,-8
2021/10/27,11:01,-8
2021/10/27,11:02,-8
2021/10/27,11:03,-8
2021/10/27,11:04,-8
2021/10/27,11:05,-8
2021/10/27,11:06,-8
2021/10/27,11:07,-8
2021/10/27,11:08,-8
2021/10/27,11:09,-8
2021/10/27,11:10,-8
2021/10/27,11:11,-8
2021/10/27,11:12,-8
2021/10/27,11:13,-8
2021/10/27,11:14,-8
2021/10/27,11:15,-8
2021/10/27,11:16,-8
2021/10/27,11:17,-8
2021/10/27,11:18,-8
2021/10/27,11:19,-8
2021/10/27,11:20,-8
2021/10/27,11:21,-8
2021/10/27,11:22,-8
2021/10/27,11:23,-8
2021/10/27,11:24,-8
2021/10/27,11:25,-8
2021/10/27,11:26,-8
2021/10/27,11:27,-8
2021/10/27,11:28,-8
2021/10/27,11:29,-8
2021/10/27,11:30,-8
2021/10/27,11:31,-8
2021/10/27,11:32,-8
2021/10/27,11:33,-8
2021/10/27,11:34,-8
2021/10/27,11:35,-8
2021/10/27,11:36,-8
2021/10/27,11:37,-8
2021/10/27,11:38,-8
2021/10/27,11:39,-8
2021/10/27,11:40,-8
2021/10/27,11:41,-8
2021/10/27,11:42,-8
2021/10/27,11:43,-8
2021/10/27,11:44,-8
2021/10/27,11:45,-8
2021/10/27,11:46,-8
2021/10/27,11:47,-8
2021/10/27,11:48,-8
2021/10/27,11:49,-8
2021/10/27,11:50,-8
2021/10/27,11:51,-8
2021/10/27,11:52,-8
2021/10/27,11:53,-8
2021/10/27,11:54,-8
2021/10/27,11:55,-8
2021/10/27,11:56,-8
2021/10/27,11:57,-8
2021/10/27,11:58,-8
2021/10/27,11:59,-8
2021/10/27,12:00,-8
2021/10/27,12:01,-8
2021/10/27,12:02,-8
2021/10/27,12:03,-8
2021/10/27,12:04,-8
2021/10/27,12:05,-8
2021/10/27,12:06,-8
2021/10/27,12:07,-8
2021/10/27,12:08,-8
2021/10/27,12:09,-8
2021/10/27,12:10,-8
2021/10/27,12:11,-8
2021/10/27,12:12,-8
2021/10/27,12:13,-8
2021/10/27,12:14,-8
2021/10/27,12:15,-8
2021/10/27,12:16,-8
2021/10/27,12:17,-8
2021/10/27,12:18,-8
2021/10/27,12:19,-8
2021/10/27,12:20,-8
2021/10/27,12:21,-8
2021/10/27,12:22,-8
2021/10/27,12:23,-8
2021/10/27,12:24,-8
2021/10/27,12:25,-8
2021/10/27,12:26,-8
2021/10/27,12:27,-8
2021/10/27,12:28,-8
2021/10/27,12:29,-8
2021/10/27,12:30,-8
2021/10/27,12:31,-8
2021/10/27,12:32,-8
2021/10/27,12:33,-8
2021/10/27,12:34,-8
2021/10/27,12:35,-8
2021/10/27,12:36,-8
2021/10/27,12:37,-8
2021/10/27,12:38,-8
2021/10/27,12:39,-8
2021/10/27,12:40,-8
2021/10/27,12:41,-8
2021/10/27,12:42,-8
2021/10/27,12:43,-8
2021/10/27,12:44,-8
2021/10/27,12:45,-8
2021/10/27,12:46,-8
2021/10/27,12:47,-8
2021/10/27,12:48,-8
2021/10/27,12:49,-8
2021/10/27,12:50,-8
2021/10/27,12:51,-8
2021/10/27,12:52,-8
2021/10/27,12:53,-8
2021/10/27,12:54,-8
2021/10/27,12:55,-8
2021/10/27,12:56,-8
2021/10/27,12:57,-8
2021/10/27,12:58,-8
2021/10/27,12:59,-8
2021/10/27,13:00,-8
2021/10/27,13:01,-8
2021/10/27,13:02,-8
2021/10/27,13:03,-8
2021/10/27,13:04,-8
2021/10/27,13:05,-8
2021/10/27,13:06,-8
2021/10/27,13:07,-8
2021/10/27,13:08,-8
2021/10/27,13:09,-8
2021/10/27,13:10,-8
2021/10/27,13:11,-8
2021/10/27,13:12,-8
2021/10/27,13:13,-8
2021/10/27,13:14,-8
2021/10/27,13:15,-8
2021/10/27,13:16,-8
2021/10/27,13:17,-8
2021/10/27,13:18,-8
2021/10/27,13:19,-8
2021/10/27,13:20,-8
2021/10/27,13:21,-8
2021/10/27,13:22,-8
2021/10/27,13:23,-8
2021/10/27,13:24,-8
2021/10/27,13:25,-8
2021/10/27,13:26,-8
2021/10/27,13:27,-8
2021/10/27,13:28,-8
2021/10/27,13:29,-8
2021/10/27,13:30,-8
2021/10/27,13:31,-8
2021/10/27,13:32,-8
2021/10/27,13:33,-8
2021/10/27,13:34,-8
2021/10/27,13:35,-8
2021/10/27,13:36,-8
2021/10/27,13:37,-8
2021/10/27,13:38,-8
2021/10/27,13:39,-8
2021/10/27,13:40,-8
2021/10/27,13:41,-8
2021/10/27,13:42,-8
2021/10/27,13:43,-8
2021/10/27,13:44,-8
2021/10/27,13:45,-8
2021/10/27,13:46,-8
2021/10/27,13:47,-8
2021/10/27,13:48,-8
2021/10/27,13:49,-8
2021/10/27,13:50,-8
2021/10/27,13:51,-8
2021/10/27,13:52,-8
2021/10/27,13:53,-8
2021/10/27,13:54,-8
2021/10/27,13:55,-8
2021/10/27,13:56,-8
2021/10/27,13:57,-8
2021/10/27,13:58,-8
2021/10/27,13:59,-8
2021/10/27,14:00,-8
2021/10/27,14:01,-8
2021/10/27,14:02,-8
2021/10/27,14:03,-8
2021/10/27,14:04,-8
2021/10/27,14:05,-8
2021/10/27,14:06,-8
2021/10/27,14:07,-8
2021/10/27,14:08,-8
2021/10/27,14:09,-8
2021/10/27,14:10,-8
2021/10/27,14:11,-8
2021/10/27,14:12,-8
2021/10/27,14:13,-8
2021/10/27,14:14,-8
2021/10/27,14:15,-8
2021/10/27,14:16,-8
2021/10/27,14:17,-8
2021/10/27,14:18,-8
2021/10/27,14:19,-8
2021/10/27,14:20,-8
2021/10/27,14:21,-8
2021/10/27,14:22,-8
2021/10/27,14:23,-8
2021/10/27,14:24,-8
2021/10/27,14:25,-8
2021/10/27,14:26,-8
2021/10/27,14:27,-8
2021/10/27,14:28,-8
2021/10/27,14:29,-8
2021/10/27,14:30,-8
2021/10/27,14:31,-8
2021/10/27,14:32,-8
2021/10/27,14:33,-8
2021/10/27,14:34,-8
2021/10/27,14:35,-8
2021/10/27,14:36,-8
2021/10/27,14:37,-8
2021/10/27,14:38,-8
2021/10/27,14:39,-8
2021/10/27,14:40,-8
2021/10/27,14:41,-8
2021/10/27,14:42,-8
2021/10/27,14:43,-8
2021/10/27,14:44,-8
2021/10/27,14:45,-8
2021/10/27,14:46,-8
2021/10/27,14:47,-8
2021/10/27,14:48,-8
2021/10/27,14:49,-8
2021/10/27,14:50,-8
2021/10/27,14:51,-8
2021/10/27,14:52,-8
2021/10/27,14:53,-8
2021/10/27,14:54,-8
2021/10/27,14:55,-8
2021/10/27,14:56,-8
2021/10/27,14:57,-8
2021/10/27,14:58,-8
2021/10/27,14:59,-8
2021/10/27,15:00,-8
2021/10/27,15:01,-8
2021/10/27,15:02,-8
2021/10/27,15:03,-8
2021/10/27,15:04,-8
2021/10/27,15:05,-8
2021/10/27,15:06,-8
2021/10/27,15:07,-8
2021/10/27,15:08,-8
2021/10/27,15:09,-8
2021/10/27,15:10,-8
2021/10/27,15:11,-8
2021/10/27,15:12,-8
2021/10/27,15:13,-8
2021/10/27,15:14,-8
2021/10/27,15:15,-8
2021/10/27,15:16,-8
2021/10/27,15:17,-8
2021/10/27,15:18,-8
2021/10/27,15:19,-8
2021/10/27,15:20,-8
2021/10/27,15:21,-8
2021/10/27,15:22,-8
2021/10/27,15:23,-8
2021/10/27,15:24,-8
2021/10/27,15:25,-8
2021/10/27,15:26,-8
2021/10/27,15:27,-8
2021/10/27,15:28,-8
2021/10/27,15:29,-8
2021/10/27,15:30,-8
2021/10/27,15:31,-8
2021/10/27,15:32,-8
2021/10/27,15:33,-8
2021/10/27,15:34,-8
2021/10/27,15:35,-8
2021/10/27,15:36,-8
2021/10/27,15:37,-8
2021/10/27,15:38,-8
2021/10/27,15:39,-8
2021/10/27,15:40,-8
2021/10/27,15:41,-8
2021/10/27,15:42,-8
2021/10/27,15:43,-8
2021/10/27,15:44,-8
2021/10/27,15:45,-8
2021/10/27,15:46,-8
2021/10/27,15:47,-8
2021/10/27,15:48,-8
2021/10/27,15:49,-8
2021/10/27,15:50,-8
2021/10/27,15:51,-8
2021/10/27,15:52,-8
2021/10/27,15:53,-8
2021/10/27,15:54,-8
2021/10/27,15:55,-8
2021/10/27,15:56,-8
2021/10/27,15:57,-8
2021/10/27,15:58,-8
2021/10/27,15:59,-8
2021/10/27,16:00,-8
2021/10/27,16:01,-8
2021/10/27,16:02,-8
2021/10/27,16:03,-8
2021/10/27,16:04,-8
2021/10/27,16:05,-8
2021/10/27,16:06,-8
2021/10/27,16:07,-8
2021/10/27,16:08,-8
2021/10/27,16:09,-8
2021/10/27,16:10,-8
2021/10/27,16:11,-8
2021/10/27,16:12,-8
2021/10/27,16:13,-8
2021/10/27,16:14,-8
2021/10/27,16:15,-8
2021/10/27,16:16,-8
2021/10/27,16:17,-8
2021/10/27,16:18,-8
2021/10/27,16:19,-8
2021/10/27,16:20,-8
2021/10/27,16:21,-8
2021/10/27,16:22,-8
2021/10/27,16:23,-8
2021/10/27,16:24,-8
2021/10/27,16:25,-8
2021/10/27,16:26,-8
2021/10/27,16:27,-8
2021/10/27,16:28,-8.1
2021/10/27,16:29,-8.1
2021/10/27,16:30,-7.9
2021/10/27,16:31,-7.3
2021/10/27,16:32,-6.4
2021/10/27,16:33,-5.8
2021/10/27,16:34,-4.8
2021/10/27,16:35,-4.1
2021/10/27,16:36,-3.4
2021/10/27,16:37,-2.5
2021/10/27,16:38,-1.7
2021/10/27,16:39,-0.8
2021/10/27,16:40,0.2
2021/10/27,16:41,1.1
2021/10/27,16:42,2.1
2021/10/27,16:43,3
2021/10/27,16:44,3.8
2021/10/27,16:45,4.7
2021/10/27,16:46,5.7
2021/10/27,16:47,6.5
2021/10/27,16:48,7.4
2021/10/27,16:49,8.3
2021/10/27,16:50,9.1
2021/10/27,16:51,10.1
2021/10/27,16:52,11
2021/10/27,16:53,12
2021/10/27,16:54,12.7
2021/10/27,16:55,13.7
2021/10/27,16:56,14.4
2021/10/27,16:57,15.3
2021/10/27,16:58,16.2
2021/10/27,16:59,17.1
2021/10/27,17:00,17.9
2021/10/27,17:01,18.8
2021/10/27,17:02,19.8
2021/10/27,17:03,20.5
2021/10/27,17:04,21.4
2021/10/27,17:05,22.3
2021/10/27,17:06,23.3
2021/10/27,17:07,24.1
2021/10/27,17:08,25
2021/10/27,17:09,25.9
2021/10/27,17:10,26.7
2021/10/27,17:11,27.9
2021/10/27,17:12,28.5
2021/10/27,17:13,29.7
2021/10/27,17:14,30.4
2021/10/27,17:15,31.4
2021/10/27,17:16,32.2
2021/10/27,17:17,32.7
2021/10/27,17:18,33.6
2021/10/27,17:19,34.1
2021/10/27,17:20,34.5
2021/10/27,17:21,34.9
2021/10/27,17:22,35.4
2021/10/27,17:23,35.7
2021/10/27,17:24,36
2021/10/27,17:25,36.3
2021/10/27,17:26,36.5
2021/10/27,17:27,36.6
2021/10/27,17:28,36.8
2021/10/27,17:29,37.1
2021/10/27,17:30,37.5
